{
  "GET /api/cpu-bound" : {
    "transaction" : "GET /api/cpu-bound",
    "sampleCount" : 1322,
    "errorCount" : 0,
    "errorPct" : 0.0,
    "meanResTime" : 1752.7450832072618,
    "medianResTime" : 2068.0,
    "minResTime" : 45.0,
    "maxResTime" : 3660.0,
    "pct1ResTime" : 2726.0,
    "pct2ResTime" : 3075.0,
    "pct3ResTime" : 3197.0,
    "throughput" : 21.640911471974857,
    "receivedKBytesPerSec" : 3.8422574042774356,
    "sentKBytesPerSec" : 2.9587183653090623
  },
  "GET /api/io-bound" : {
    "transaction" : "GET /api/io-bound",
    "sampleCount" : 5360,
    "errorCount" : 0,
    "errorPct" : 0.0,
    "meanResTime" : 2169.234141791038,
    "medianResTime" : 2170.0,
    "minResTime" : 1011.0,
    "maxResTime" : 4619.0,
    "pct1ResTime" : 3061.0,
    "pct2ResTime" : 3071.0,
    "pct3ResTime" : 3200.0,
    "throughput" : 88.0348197421368,
    "receivedKBytesPerSec" : 16.50652870165065,
    "sentKBytesPerSec" : 11.950039007965838
  },
  "POST /api/data" : {
    "transaction" : "POST /api/data",
    "sampleCount" : 990,
    "errorCount" : 990,
    "errorPct" : 100.0,
    "meanResTime" : 1135.6767676767677,
    "medianResTime" : 897.5,
    "minResTime" : 3.0,
    "maxResTime" : 3198.0,
    "pct1ResTime" : 2571.9,
    "pct2ResTime" : 2708.0,
    "pct3ResTime" : 3075.0,
    "throughput" : 16.206394159150065,
    "receivedKBytesPerSec" : 122.38797867181232,
    "sentKBytesPerSec" : 3.3710565975575815
  },
  "Total" : {
    "transaction" : "Total",
    "sampleCount" : 7677,
    "errorCount" : 990,
    "errorPct" : 12.895662,
    "meanResTime" : 1962.8251921323483,
    "medianResTime" : 2093.0,
    "minResTime" : 1.0,
    "maxResTime" : 4619.0,
    "pct1ResTime" : 2980.0,
    "pct2ResTime" : 3071.0,
    "pct3ResTime" : 3198.0,
    "throughput" : 125.67116291251965,
    "receivedKBytesPerSec" : 142.69109918785196,
    "sentKBytesPerSec" : 18.250199123600378
  },
  "GET /api/health" : {
    "transaction" : "GET /api/health",
    "sampleCount" : 5,
    "errorCount" : 0,
    "errorPct" : 0.0,
    "meanResTime" : 13.0,
    "medianResTime" : 14.0,
    "minResTime" : 1.0,
    "maxResTime" : 23.0,
    "pct1ResTime" : 23.0,
    "pct2ResTime" : 23.0,
    "pct3ResTime" : 23.0,
    "throughput" : 73.52941176470588,
    "receivedKBytesPerSec" : 10.052849264705882,
    "sentKBytesPerSec" : 9.119370404411764
  }
}